"iddes","langid","label"
1,"ar","Armenia"
2,"ar","Afghanistan"
3,"ar","Albania"
4,"ar","Algeria"
5,"ar","American Samoa"
6,"ar","Andorra"
7,"ar","Angola"
8,"ar","Antigua and Barbuda"
9,"ar","Argentina"
10,"ar","Australia"
11,"ar","Austria"
12,"ar","Bahamas"
13,"ar","Bahrain"
14,"ar","Barbados"
16,"ar","Bangladesh"
17,"ar","Bermuda"
18,"ar","Bhutan"
19,"ar","Bolivia"
20,"ar","Botswana"
21,"ar","Brazil"
22,"ar","Aruba"
23,"ar","Belize"
24,"ar","British Indian Ocean Ter"
25,"ar","Solomon Islands"
26,"ar","Brunei Darussalam"
27,"ar","Bulgaria"
28,"ar","Myanmar"
29,"ar","Burundi"
30,"ar","Antarctica"
31,"ar","Bouvet Island"
32,"ar","Cameroon"
33,"ar","Canada"
35,"ar","Cape Verde"
36,"ar","Cayman Island"
37,"ar","Central African Republic"
38,"ar","Sri Lanka"
39,"ar","Chad"
40,"ar","Chile"
41,"ar","China, Mainland"
42,"ar","Christmas Island"
43,"ar","Cocos Islands"
44,"ar","Colombia"
45,"ar","Comoros"
46,"ar","Congo, Republic of"
47,"ar","Cook Islands"
48,"ar","Costa Rica"
49,"ar","Cuba"
50,"ar","Cyprus"
52,"ar","Azerbaijan, Republic of"
53,"ar","Benin"
54,"ar","Denmark"
55,"ar","Dominica"
56,"ar","Dominican Republic"
57,"ar","Belarus"
58,"ar","Ecuador"
59,"ar","Egypt"
60,"ar","El Salvador"
61,"ar","Equatorial Guinea"
63,"ar","Estonia"
64,"ar","Faeroe Islands"
65,"ar","Falkland Islands"
66,"ar","Fiji Islands"
67,"ar","Finland"
68,"ar","France"
69,"ar","French Guiana"
70,"ar","French Polynesia"
71,"ar","French South Terr"
72,"ar","Djibouti"
73,"ar","Georgia"
74,"ar","Gabon"
75,"ar","Gambia"
76,"ar","Gaza Strip"
79,"ar","Germany"
80,"ar","Bosnia and Herzegovina"
81,"ar","Ghana"
82,"ar","Gibraltar"
83,"ar","Kiribati"
84,"ar","Greece"
85,"ar","Greenland"
86,"ar","Grenada"
87,"ar","Guadeloupe"
88,"ar","Guam"
89,"ar","Guatemala"
90,"ar","Guinea"
91,"ar","Guyana"
92,"ar","Heard and McDonald Is"
93,"ar","Haiti"
95,"ar","Honduras"
97,"ar","Hungary"
98,"ar","Croatia"
99,"ar","Iceland"
100,"ar","India"
101,"ar","Indonesia"
102,"ar","Iran, Islamic Rep of"
103,"ar","Iraq"
104,"ar","Ireland"
105,"ar","Israel"
106,"ar","Italy"
107,"ar","Ivory Coast"
108,"ar","Kazakhstan"
109,"ar","Jamaica"
110,"ar","Japan"
112,"ar","Jordan"
113,"ar","Kyrgyzstan"
114,"ar","Kenya"
115,"ar","Cambodia"
116,"ar","Korea, Dem People's Rep"
117,"ar","Korea, Republic of"
118,"ar","Kuwait"
119,"ar","Latvia"
120,"ar","Laos"
121,"ar","Lebanon"
122,"ar","Lesotho"
123,"ar","Liberia"
124,"ar","Libyan Arab Jamahiriya"
125,"ar","Liechtensten"
126,"ar","Lithuania"
127,"ar","Marshall Island"
129,"ar","Madagascar"
130,"ar","Malawi"
131,"ar","Malaysia"
132,"ar","Maldives"
133,"ar","Mali"
134,"ar","Malta"
135,"ar","Martinique"
136,"ar","Mauritania"
137,"ar","Mauritius"
138,"ar","Mexico"
139,"ar","Midway Islands"
140,"ar","Monaco"
141,"ar","Mongolia"
142,"ar","Montserrat"
143,"ar","Morocco"
144,"ar","Mozambique"
145,"ar","Micronesia,Fed States of"
146,"ar","Moldova, Republic of"
147,"ar","Namibia"
148,"ar","Nauru"
149,"ar","Nepal"
150,"ar","Netherlands"
151,"ar","Neth Antilles"
153,"ar","NewCaledonia"
154,"ar","Macedonia"
155,"ar","Vanuatu"
156,"ar","New Zealand"
157,"ar","Nicaragua"
158,"ar","Niger"
159,"ar","Nigeria"
160,"ar","Niue"
161,"ar","Norfolk Island"
162,"ar","Norway"
163,"ar","Northern Mariana Is"
165,"ar","Pakistan"
166,"ar","Panama"
167,"ar","Czech Republic"
168,"ar","Papua New Guinea"
169,"ar","Paraguay"
170,"ar","Peru"
171,"ar","Philippines"
172,"ar","Pitcairn Islands"
173,"ar","Poland"
174,"ar","Portugal"
175,"ar","Guinea-Bissau"
176,"ar","East Timor"
177,"ar","Puerto Rico"
178,"ar","Eritrea"
179,"ar","Qatar"
181,"ar","Zimbabwe"
182,"ar","Reunion"
183,"ar","Romania"
184,"ar","Rwanda"
185,"ar","Russian Federation"
187,"ar","Saint Helena"
188,"ar","Saint Kitts and Nevis"
189,"ar","Saint Lucia"
190,"ar","Saint Pierre & Miquelon"
191,"ar","Saint Vincent/Grenadines"
192,"ar","San Marino"
193,"ar","Sao Tome and Principe"
194,"ar","Saudi Arabia"
195,"ar","Senegal"
196,"ar","Seychelles"
197,"ar","Sierra Leone"
198,"ar","Slovenia"
199,"ar","Slovakia"
200,"ar","Singapore"
201,"ar","Somalia"
202,"ar","South Africa"
203,"ar","Spain"
205,"ar","Western Sahara"
206,"ar","Sudan"
207,"ar","Suriname"
208,"ar","Tajikistan"
209,"ar","Swaziland"
210,"ar","Sweden"
211,"ar","Switzerland"
212,"ar","Syrian Arab Republic"
213,"ar","Turkmenistan"
214,"ar","China, Taiwan Prov of"
215,"ar","Tanzania, United Rep of"
216,"ar","Thailand"
217,"ar","Togo"
218,"ar","Tokelau"
219,"ar","Tonga"
220,"ar","Trinidad and Tobago"
221,"ar","Oman"
222,"ar","Tunisia"
223,"ar","Turkey"
224,"ar","Turks and Caicos Is"
225,"ar","United Arab Emirates"
226,"ar","Uganda"
227,"ar","Tuvalu"
229,"ar","United Kingdom"
230,"ar","Ukraine"
231,"ar","United States of America"
232,"ar","US Minor Outlying Is"
233,"ar","Burkina Faso"
234,"ar","Uruguay"
235,"ar","Uzbekistan"
236,"ar","Venezuela"
237,"ar","Viet Nam"
238,"ar","Ethiopia"
239,"ar","British Virgin Island"
240,"ar","US Virgin Islands"
242,"ar","Wake Island"
243,"ar","Wallis and Futuna Is"
244,"ar","Samoa"
245,"ar","West Bank"
249,"ar","Yemen"
250,"ar","Congo, Dem Republic of"
251,"ar","Zambia"
255,"ar","Belgium"
256,"ar","Luxembourg"
258,"ar","Anguilla"
260,"ar","Svalbard Is"
264,"ar","Isle of Man"
270,"ar","Mayotte"
271,"ar","SouthGeorgia/Sandwich Is"
303,"ar","Western Europe"
307,"ar","Intergvt Author Devpment"
310,"ar","North Western Africa"
311,"ar","Western Africa"
312,"ar","Central Africa"
313,"ar","Eastern Africa"
314,"ar","Southern Africa"
315,"ar","Latin Amer & Caribbean"
316,"ar","Central America"
317,"ar","Caribbean"
318,"ar","South America"
319,"ar","Near East"
320,"ar","Near East in Africa"
321,"ar","Near East in Asia"
322,"ar","Far East"
323,"ar","South Asia"
324,"ar","East & South East Asia"
325,"ar","Near East and North Africa"
334,"ar","Eastern Europe"
335,"ar","Europe"
337,"ar","Asia"
338,"ar","Africa"
348,"ar","Latin America"
370,"ar","Serbia"
371,"ar","Montenegro"
390,"ar","South of Sahara"
421,"ar","North Africa"
427,"ar","Europe, Non-EU Countries"
428,"ar","North America"
469,"ar","USSR, Former Area of"
1008,"ar","Arctic Sea"
1009,"ar","Atlantic, Northwest"
1010,"ar","Atlantic, Northeast"
1011,"ar","Atlantic, Western Central"
1012,"ar","Atlantic, Eastern Central"
1013,"ar","Mediterran and Black Sea"
1014,"ar","Atlantic, Southwest"
1015,"ar","Atlantic, Southeast"
1016,"ar","Atlantic, Antarctic"
1017,"ar","Indian Ocean, Western"
1018,"ar","Indian Ocean, Eastern"
1019,"ar","Indian Ocean, Antarctic"
1020,"ar","Pacific, Northwest"
1021,"ar","Pacific, Northeast"
1022,"ar","Pacific, Western Central"
1023,"ar","Pacific, Eastern Central"
1024,"ar","Pacific, Southwest"
1025,"ar","Pacific, Southeast"
1026,"ar","Pacific, Antarctic"
1220,"ar","All fishing areas"
9999,"ar","World"
370,"cn","Serbia"
371,"cn","Montenegro"
1,"de","Armenien"
2,"de","Afghanistan"
3,"de","Albanien"
4,"de","Algerien"
5,"de","Amerikanisch Samoa"
6,"de","Andorra"
7,"de","Angola"
8,"de","Antigua and Barbuda"
9,"de","Argentinien"
10,"de","Australien"
11,"de","?ñsterreich"
12,"de","Bahamas"
13,"de","Bahrain"
14,"de","Barbados"
16,"de","Bangladesh"
17,"de","Bermuda"
18,"de","Bhutan"
19,"de","Bolivien"
20,"de","Botswana"
21,"de","Brasilien"
22,"de","Aruba"
23,"de","Belize"
24,"de","British Indian Ocean Ter"
25,"de","Solomon Inseln"
26,"de","Brunei Darussalam"
27,"de","Bulgarien"
28,"de","Myanmar"
29,"de","Burundi"
30,"de","Antarktis"
31,"de","Bouvet Island"
32,"de","Kamerun"
33,"de","Kanada"
35,"de","Kap Verde"
36,"de","Cayman Inseln"
37,"de","Zentral Afrikanische Republik"
38,"de","Sri Lanka"
39,"de","Tschad"
40,"de","Chile"
41,"de","China, Kontinent"
42,"de","Weihnachtsinseln"
43,"de","Kokos Inseln"
44,"de","Kolumbien"
45,"de","Comoros"
46,"de","Kongo, Republik"
47,"de","Cook Inseln"
48,"de","Costa Rica"
49,"de","Kuba"
50,"de","Zypern"
52,"de","Aserbaidschan, Republik"
53,"de","Benin"
54,"de","Dänemark"
55,"de","Dominica"
56,"de","Dominikanische Republik"
57,"de","Wei?ürussland"
58,"de","Ecuador"
59,"de","Ägypten"
60,"de","El Salvador"
61,"de","Equatorial Guinea"
63,"de","Estland"
64,"de","Farör Inseln"
65,"de","Falkland Inseln"
66,"de","Fiji Inseln"
67,"de","Finnland"
68,"de","Frankreich"
69,"de","Französisch Guiana"
70,"de","Französisch Polynesien"
71,"de","French South Terr"
72,"de","Djibouti"
73,"de","Georgien"
74,"de","Gabon"
75,"de","Gambia"
76,"de","Gaza Streifen"
79,"de","Deutschland"
80,"de","Bosnien Herzegovina"
81,"de","Ghana"
82,"de","Gibraltar"
83,"de","Kiribati"
84,"de","Griechenland"
85,"de","Grönland"
86,"de","Grenada"
87,"de","Guadeloupe"
88,"de","Guam"
89,"de","Guatemala"
90,"de","Guinea"
91,"de","Guyana"
92,"de","Heard und McDonald Is"
93,"de","Haiti"
95,"de","Honduras"
97,"de","Ungarn"
98,"de","Kroatien"
99,"de","Island"
100,"de","Indien"
101,"de","Indonesien"
102,"de","Iran, Islamische Republik"
103,"de","Irak"
104,"de","Irland"
105,"de","Israel"
106,"de","Italien"
107,"de","Ivory Coast"
108,"de","Kasachstan"
109,"de","Jamaica"
110,"de","Japan"
112,"de","Jordan"
113,"de","Kirgisien"
114,"de","Kenia"
115,"de","Kambodscha"
116,"de","Südkorea"
117,"de","Nordkorea"
118,"de","Kuwait"
119,"de","Lettland"
120,"de","Laos"
121,"de","Libanon"
122,"de","Lesotho"
123,"de","Liberia"
124,"de","Libyan Arab Jamahiriya"
125,"de","Liechtenstein"
126,"de","Litauen"
127,"de","Marshall Inseln"
129,"de","Madagascar"
130,"de","Malawi"
131,"de","Malaysia"
132,"de","Malediven"
133,"de","Mali"
134,"de","Malta"
135,"de","Martinique"
136,"de","Mauritanien"
137,"de","Mauritius"
138,"de","Mexiko"
139,"de","Midway Inseln"
140,"de","Monaco"
141,"de","Mongolei"
142,"de","Montserrat"
143,"de","Marokko"
144,"de","Mozambique"
145,"de","Micronesien"
146,"de","Moldavien"
147,"de","Namibia"
148,"de","Nauru"
149,"de","Nepal"
150,"de","Niederlande"
151,"de","Niederländische Antillen"
153,"de","Neu Kaledonien"
154,"de","Mazedonien"
155,"de","Vanuatu"
156,"de","Neuseeland"
157,"de","Nicaragua"
158,"de","Niger"
159,"de","Nigeria"
160,"de","Niue"
161,"de","Norfolk Inseln"
162,"de","Norwegen"
163,"de","nördliche Mariannen Inseln"
165,"de","Pakistan"
166,"de","Panama"
167,"de","Tschechien"
168,"de","Papua Neu Guinea"
169,"de","Paraguay"
170,"de","Peru"
171,"de","Philippinen"
172,"de","Pitcairn Inseln"
173,"de","Polen"
174,"de","Portugal"
175,"de","Guinea-Bissau"
176,"de","Ost Timor"
177,"de","Puerto Rico"
178,"de","Eritrea"
179,"de","Qatar"
181,"de","Simbabwe"
182,"de","Reunion"
183,"de","Rumänien"
184,"de","Ruanda"
185,"de","russische Föderation"
187,"de","St Helena"
188,"de","St Kitts und Nevis"
189,"de","St Lucia"
190,"de","St Pierre & Miquelon"
191,"de","St Vincent/Grenadines"
192,"de","San Marino"
193,"de","Sao Tome und Principe"
194,"de","Saudi Arabien"
195,"de","Senegal"
196,"de","Seychelles"
197,"de","Sierra Leone"
198,"de","Slowenien"
199,"de","Slowakei"
200,"de","Singapur"
201,"de","Somalia"
202,"de","Südafrika"
203,"de","Spanien"
205,"de","West Sahara"
206,"de","Sudan"
207,"de","Surinam"
208,"de","Tajikistan"
209,"de","Swaziland"
210,"de","Schweden"
211,"de","Schweiz"
212,"de","Syrien"
213,"de","Turkmenistan"
214,"de","China, Taiwan Prov"
215,"de","Tansania"
216,"de","Thailand"
217,"de","Togo"
218,"de","Tokelau"
219,"de","Tonga"
220,"de","Trinidad und Tobago"
221,"de","Oman"
222,"de","Tunesien"
223,"de","Türkei"
224,"de","Turks- und Caicosinseln"
225,"de","Vereinigte Arabische Emirate"
226,"de","Uganda"
227,"de","Tuvalu"
229,"de","Vereinigtes Königreich"
230,"de","Ukraine"
231,"de","Vereinigte Staaten von Amerika"
232,"de","United States Minor Outlying Inseln"
233,"de","Burkina Faso"
234,"de","Uruguay"
235,"de","Uzbekistan"
236,"de","Venezuela"
237,"de","Vietnam"
238,"de","Äthiopien"
239,"de","Britische Virgin Inseln"
240,"de","US Virgin Inseln"
242,"de","Wake Inseln"
243,"de","Wallis und Futuna Inseln"
244,"de","Samoa"
245,"de","West Bank"
249,"de","Jemen"
250,"de","Kongo, Dem. Republik"
251,"de","Sambia"
255,"de","Belgien"
256,"de","Luxemburg"
258,"de","Anguilla"
260,"de","Svalbard Inseln"
264,"de","Isle of Man"
270,"de","Mayotte"
271,"de","Süd Georgia/Sandwich Inseln"
303,"de","Westeuropa"
307,"de","Intergvt Author Devpment"
310,"de","nordwestliches Afrika"
311,"de","westliches Afrika"
312,"de","zentrales Afrika"
313,"de","Östliches Afrika"
314,"de","südliches Afrika"
315,"de","Lateinamerika & Karibik"
316,"de","Zentral Amerika"
317,"de","Karibik"
318,"de","Südamerika"
319,"de","Naher Osten"
320,"de","Naher Osten in Afrika"
321,"de","Naher Osten in Asien"
322,"de","Ferner Osten"
323,"de","Süd Asien"
324,"de","Ost & Südost Asien"
325,"de","Naher Osten & Hord Afrika"
334,"de","Östliches Europa"
335,"de","Europa"
337,"de","Asien"
338,"de","Afrika"
348,"de","Lateinamerika"
370,"de","Serbia"
371,"de","Montenegro"
390,"de","südliche Sahara"
421,"de","Nord Afrika"
427,"de","Europa, nicht EU Länder"
428,"de","Nord Amerika"
469,"de","UDSSR, frohere Gebiete"
1008,"de","Arktische See"
1009,"de","Atlantik nordwest"
1010,"de","Atlantik nordost"
1011,"de","Atlantik westzentral"
1012,"de","Atlantik ostzentral"
1013,"de","Mittelmeer und Schwarzes Meer"
1014,"de","Atlantik südwest"
1015,"de","Atlantik südost"
1016,"de","Atlantik, Antarktik"
1017,"de","Indischer Ozean, west"
1018,"de","Indischer Ozean, ost"
1019,"de","Indischer Ozean, Antarktik"
1020,"de","Pazifik nordwest"
1021,"de","Pazifik nordost"
1022,"de","Pazifik westzentral"
1023,"de","Pazifik ostzentral"
1024,"de","Pazifik südwest"
1025,"de","Pazifik südost"
1026,"de","Pazifik Antarktik"
1220,"de","Alle Seegebiete"
9999,"de","Welt"
370,"en","Serbia"
371,"en","Montenegro"
370,"es","Serbia"
371,"es","Montenegro"
370,"fr","Serbie"
371,"fr","Montenegro"
1,"nl","Armenië"
2,"nl","Afghanistan"
3,"nl","Albanië"
4,"nl","Algerije"
5,"nl","Amerikaans-Samoa"
6,"nl","Andorra"
7,"nl","Angola"
8,"nl","Antigua en Barbuda"
9,"nl","Argentinië"
10,"nl","Australië"
11,"nl","Oostenrijk"
12,"nl","Bahama's"
13,"nl","Bahrein"
14,"nl","Barbados"
16,"nl","Bangladesh"
17,"nl","Bermuda"
18,"nl","Bhutan"
19,"nl","Bolivia"
20,"nl","Botswana"
21,"nl","Brazilië"
22,"nl","Aruba"
23,"nl","Belize"
24,"nl","Brits Ter Indische Oceaan"
25,"nl","Solomon Islands"
26,"nl","Brunei Darussalam"
27,"nl","Bulgarije"
28,"nl","Myanmar"
29,"nl","Burundi"
30,"nl","Antarctica"
31,"nl","Bouvet Island"
32,"nl","Kameroen"
33,"nl","Canada"
35,"nl","Cape Verde"
36,"nl","Cayman Island"
37,"nl","Centraal-Afrikaanse Republiek"
38,"nl","Sri Lanka"
39,"nl","Tsjaad"
40,"nl","Chili"
41,"nl","China"
42,"nl","Christmaseiland"
43,"nl","Cocoseilanden"
44,"nl","Colombia"
45,"nl","Comoren"
46,"nl","Congo-Kinshasa"
47,"nl","Cookeilanden"
48,"nl","Costa Rica"
49,"nl","Cuba"
50,"nl","Cyprus"
52,"nl","Azerbeidzjan"
53,"nl","Benin"
54,"nl","Denemarken"
55,"nl","Dominica"
56,"nl","Dominicaanse Republiek"
57,"nl","Belarus"
58,"nl","Ecuador"
59,"nl","Egypte"
60,"nl","El Salvador"
61,"nl","Equatoriaal-Guinea"
63,"nl","Estland"
64,"nl","Faeröer"
65,"nl","Falkland Islands"
66,"nl","Fiji"
67,"nl","Finland"
68,"nl","Frankrijk"
69,"nl","Frans-Guyana"
70,"nl","Frans-Polynesië"
71,"nl","Franse Zuid. Terr"
72,"nl","Djibouti"
73,"nl","Georgië"
74,"nl","Gabon"
75,"nl","Gambia"
76,"nl","Gaza Strook"
79,"nl","Duitsland"
80,"nl","Bosnië en Herzegovina"
81,"nl","Ghana"
82,"nl","Gibraltar"
83,"nl","Kiribati"
84,"nl","Griekenland"
85,"nl","Groenland"
86,"nl","Grenada"
87,"nl","Guadeloupe"
88,"nl","Guam"
89,"nl","Guatemala"
90,"nl","Guinee"
91,"nl","Guyana"
92,"nl","Heard en McDonaldeilanden"
93,"nl","Haïti"
95,"nl","Honduras"
97,"nl","Hongarije"
98,"nl","Kroatië"
99,"nl","IJsland"
100,"nl","India"
101,"nl","Indonesië"
102,"nl","Iran"
103,"nl","Irak"
104,"nl","Ierland"
105,"nl","Israël"
106,"nl","Italië"
107,"nl","Ivoorkust"
108,"nl","Kazachstan"
109,"nl","Jamaica"
110,"nl","Japan"
112,"nl","Jordanië"
113,"nl","Kirgizië"
114,"nl","Kenia"
115,"nl","Cambodja"
116,"nl","Korea, Dem People's Rep"
117,"nl","Korea, Republic of"
118,"nl","Koeweit"
119,"nl","Letland"
120,"nl","Laos"
121,"nl","Libanon"
122,"nl","Lesotho"
123,"nl","Liberia"
124,"nl","Libië"
125,"nl","Liechtenstein"
126,"nl","Litouwen"
127,"nl","Marshalleilanden"
129,"nl","Madagaskar"
130,"nl","Malawi"
131,"nl","Maleisië"
132,"nl","Maldiven"
133,"nl","Mali"
134,"nl","Malta"
135,"nl","Martinique"
136,"nl","Mauritanië"
137,"nl","Mauritius"
138,"nl","Mexico"
139,"nl","Midway Islands"
140,"nl","Monaco"
141,"nl","Mongolië"
142,"nl","Montserrat"
143,"nl","Marokko"
144,"nl","Mozambique"
145,"nl","Micronesia"
146,"nl","Moldovië"
147,"nl","Namibië"
148,"nl","Nauru"
149,"nl","Nepal"
150,"nl","Nederland"
151,"nl","Nederlandse Antillen"
153,"nl","Nieuw-Caledonië"
154,"nl","Macedonië"
155,"nl","Vanuatu"
156,"nl","Nieuw-Zeeland"
157,"nl","Nicaragua"
158,"nl","Niger"
159,"nl","Nigeria"
160,"nl","Niue"
161,"nl","Norfolk"
162,"nl","Norwegen"
163,"nl","Noordelijke Marianen"
165,"nl","Pakistan"
166,"nl","Panama"
167,"nl","Tsjechië"
168,"nl","Papoea-Nieuw-Guinea"
169,"nl","Paraguay"
170,"nl","Peru"
171,"nl","Filipijnen"
172,"nl","Pitcairneilanden"
173,"nl","Polen"
174,"nl","Portugal"
175,"nl","Guinee-Bissau"
176,"nl","Oost Timor"
177,"nl","Puerto Rico"
178,"nl","Eritrea"
179,"nl","Qatar"
181,"nl","Zimbabwe"
182,"nl","Réunion"
183,"nl","Roemenië"
184,"nl","Rwanda"
185,"nl","Rusland"
187,"nl","Sint-Helena"
188,"nl","Saint Kitts en Nevis"
189,"nl","Saint Lucia"
190,"nl","Saint-Pierre en Miquelon"
191,"nl","Saint Vincent/Grenadines"
192,"nl","San Marino"
193,"nl","Sao Tomé en Principe"
194,"nl","Saoedi-Arabië"
195,"nl","Senegal"
196,"nl","Seychellen"
197,"nl","Sierra Leone"
198,"nl","Slovenië"
199,"nl","Slowakije"
200,"nl","Singapore"
201,"nl","Somalië"
202,"nl","South Africa"
203,"nl","Spanje"
205,"nl","Western Sahara"
206,"nl","Soedan"
207,"nl","Suriname"
208,"nl","Tajikistan"
209,"nl","Swaziland"
210,"nl","Zweden"
211,"nl","Zwitserland"
212,"nl","Syrië"
213,"nl","Turkmenistan"
214,"nl","Taiwan"
215,"nl","Tanzania"
216,"nl","Thailand"
217,"nl","Togo"
218,"nl","Tokelau-eilanden"
219,"nl","Tonga"
220,"nl","Trinidad and Tobago"
221,"nl","Oman"
222,"nl","Tunisië"
223,"nl","Turkije"
224,"nl","Turks- en Caicoseilanden"
225,"nl","Verenigde Arabische Emiraten"
226,"nl","Oeganda"
227,"nl","Tuvalu"
229,"nl","Verenigd Koninkrijk"
230,"nl","Oekraïne"
231,"nl","Verenigde Staten"
232,"nl","Kl Pacifische Eilanden vd US"
233,"nl","Burkina Faso"
234,"nl","Uruguay"
235,"nl","Oezbekistan"
236,"nl","Venezuela"
237,"nl","Vietnam"
238,"nl","Ethiopië"
239,"nl","Britse Maagdeneilanden"
240,"nl","US Virgin Islands"
242,"nl","Wake Island"
243,"nl","Wallis and Futuna Is"
244,"nl","Samoa"
245,"nl","West Bank"
249,"nl","Jemen"
250,"nl","Congo-Kinshasa"
251,"nl","Zambia"
255,"nl","België"
256,"nl","Luxembourg"
258,"nl","Anguilla"
260,"nl","Svalbard Is"
264,"nl","Isle of Man"
270,"nl","Mayotte"
271,"nl","Zuid-Georgië & Sandwicheilanden"
303,"nl","West Europa"
307,"nl","Intergvt Author Devpment"
310,"nl","Noord West Afrika"
311,"nl","Westelijk Afrika"
312,"nl","Centraal Afrika"
313,"nl","Oostelijk Afrika"
314,"nl","Zuidelijk Afrika"
315,"nl","Latijns Amerika & Caribbean"
316,"nl","Centraal Amerika"
317,"nl","Caribbean"
318,"nl","Zuid Amerika"
319,"nl","Middenoosten"
320,"nl","Middenoosten in Afrika"
321,"nl","Middenoosten in Azië"
322,"nl","Verre Oosten"
323,"nl","Zuidelijk Azië"
324,"nl","Oost & Zuidoost Azië"
325,"nl","Middenoosten en Noord Afrika"
334,"nl","Eastern Europe"
335,"nl","Europa"
337,"nl","Azië"
338,"nl","Afrika"
348,"nl","Latijns Amerika"
370,"nl","Servie"
371,"nl","Montenegro"
390,"nl","Ten Zuiden van de Sahara"
421,"nl","Noord Afrika"
427,"nl","Europa, Niet-EU landen"
428,"nl","Noord Amerika"
469,"nl","Voormalige Sovjetunie"
1008,"nl","Arctic Sea"
1009,"nl","Atlantic, Northwest"
1010,"nl","Atlantic, Northeast"
1011,"nl","Atlantic, Western Central"
1012,"nl","Atlantic, Eastern Central"
1013,"nl","Mediterran and Black Sea"
1014,"nl","Atlantic, Southwest"
1015,"nl","Atlantic, Southeast"
1016,"nl","Atlantic, Antarctic"
1017,"nl","Indian Ocean, Western"
1018,"nl","Indian Ocean, Eastern"
1019,"nl","Indian Ocean, Antarctic"
1020,"nl","Pacific, Northwest"
1021,"nl","Pacific, Northeast"
1022,"nl","Pacific, Western Central"
1023,"nl","Pacific, Eastern Central"
1024,"nl","Pacific, Southwest"
1025,"nl","Pacific, Southeast"
1026,"nl","Pacific, Antarctic"
1220,"nl","Alle vis gebieden"
9999,"nl","Wereld"
1,"no","Armenia"
2,"no","Afghanistan"
3,"no","Albania"
4,"no","Algeria"
5,"no","American Samoa"
6,"no","Andorra"
7,"no","Angola"
8,"no","Antigua and Barbuda"
9,"no","Argentina"
10,"no","Australia"
11,"no","Austria"
12,"no","Bahamas"
13,"no","Bahrain"
14,"no","Barbados"
16,"no","Bangladesh"
17,"no","Bermuda"
18,"no","Bhutan"
19,"no","Bolivia"
20,"no","Botswana"
21,"no","Brazil"
22,"no","Aruba"
23,"no","Belize"
24,"no","British Indian Ocean Ter"
25,"no","Solomon Islands"
26,"no","Brunei Darussalam"
27,"no","Bulgaria"
28,"no","Myanmar"
29,"no","Burundi"
30,"no","Antarctica"
31,"no","Bouvet Island"
32,"no","Cameroon"
33,"no","Canada"
35,"no","Cape Verde"
36,"no","Cayman Island"
37,"no","Central African Republic"
38,"no","Sri Lanka"
39,"no","Chad"
40,"no","Chile"
41,"no","China, Mainland"
42,"no","Christmas Island"
43,"no","Cocos Islands"
44,"no","Colombia"
45,"no","Comoros"
46,"no","Congo, Republic of"
47,"no","Cook Islands"
48,"no","Costa Rica"
49,"no","Cuba"
50,"no","Cyprus"
52,"no","Azerbaijan, Republic of"
53,"no","Benin"
54,"no","Denmark"
55,"no","Dominica"
56,"no","Dominican Republic"
57,"no","Belarus"
58,"no","Ecuador"
59,"no","Egypt"
60,"no","El Salvador"
61,"no","Equatorial Guinea"
63,"no","Estonia"
64,"no","Faeroe Islands"
65,"no","Falkland Islands"
66,"no","Fiji Islands"
67,"no","Finland"
68,"no","France"
69,"no","French Guiana"
70,"no","French Polynesia"
71,"no","French South Terr"
72,"no","Djibouti"
73,"no","Georgia"
74,"no","Gabon"
75,"no","Gambia"
76,"no","Gaza Strip"
79,"no","Germany"
80,"no","Bosnia and Herzegovina"
81,"no","Ghana"
82,"no","Gibraltar"
83,"no","Kiribati"
84,"no","Greece"
85,"no","Greenland"
86,"no","Grenada"
87,"no","Guadeloupe"
88,"no","Guam"
89,"no","Guatemala"
90,"no","Guinea"
91,"no","Guyana"
92,"no","Heard and McDonald Is"
93,"no","Haiti"
95,"no","Honduras"
97,"no","Hungary"
98,"no","Croatia"
99,"no","Iceland"
100,"no","India"
101,"no","Indonesia"
102,"no","Iran, Islamic Rep of"
103,"no","Iraq"
104,"no","Ireland"
105,"no","Israel"
106,"no","Italy"
107,"no","Ivory Coast"
108,"no","Kazakhstan"
109,"no","Jamaica"
110,"no","Japan"
112,"no","Jordan"
113,"no","Kyrgyzstan"
114,"no","Kenya"
115,"no","Cambodia"
116,"no","Korea, Dem People's Rep"
117,"no","Korea, Republic of"
118,"no","Kuwait"
119,"no","Latvia"
120,"no","Laos"
121,"no","Lebanon"
122,"no","Lesotho"
123,"no","Liberia"
124,"no","Libyan Arab Jamahiriya"
125,"no","Liechtensten"
126,"no","Lithuania"
127,"no","Marshall Island"
129,"no","Madagascar"
130,"no","Malawi"
131,"no","Malaysia"
132,"no","Maldives"
133,"no","Mali"
134,"no","Malta"
135,"no","Martinique"
136,"no","Mauritania"
137,"no","Mauritius"
138,"no","Mexico"
139,"no","Midway Islands"
140,"no","Monaco"
141,"no","Mongolia"
142,"no","Montserrat"
143,"no","Morocco"
144,"no","Mozambique"
145,"no","Micronesia,Fed States of"
146,"no","Moldova, Republic of"
147,"no","Namibia"
148,"no","Nauru"
149,"no","Nepal"
150,"no","Netherlands"
151,"no","Neth Antilles"
153,"no","NewCaledonia"
154,"no","Macedonia"
155,"no","Vanuatu"
156,"no","New Zealand"
157,"no","Nicaragua"
158,"no","Niger"
159,"no","Nigeria"
160,"no","Niue"
161,"no","Norfolk Island"
162,"no","Norway"
163,"no","Northern Mariana Is"
165,"no","Pakistan"
166,"no","Panama"
167,"no","Czech Republic"
168,"no","Papua New Guinea"
169,"no","Paraguay"
170,"no","Peru"
171,"no","Philippines"
172,"no","Pitcairn Islands"
173,"no","Poland"
174,"no","Portugal"
175,"no","Guinea-Bissau"
176,"no","East Timor"
177,"no","Puerto Rico"
178,"no","Eritrea"
179,"no","Qatar"
181,"no","Zimbabwe"
182,"no","Reunion"
183,"no","Romania"
184,"no","Rwanda"
185,"no","Russian Federation"
187,"no","Saint Helena"
188,"no","Saint Kitts and Nevis"
189,"no","Saint Lucia"
190,"no","Saint Pierre & Miquelon"
191,"no","Saint Vincent/Grenadines"
192,"no","San Marino"
193,"no","Sao Tome and Principe"
194,"no","Saudi Arabia"
195,"no","Senegal"
196,"no","Seychelles"
197,"no","Sierra Leone"
198,"no","Slovenia"
199,"no","Slovakia"
200,"no","Singapore"
201,"no","Somalia"
202,"no","South Africa"
203,"no","Spain"
205,"no","Western Sahara"
206,"no","Sudan"
207,"no","Suriname"
208,"no","Tajikistan"
209,"no","Swaziland"
210,"no","Sweden"
211,"no","Switzerland"
212,"no","Syrian Arab Republic"
213,"no","Turkmenistan"
214,"no","China, Taiwan Prov of"
215,"no","Tanzania, United Rep of"
216,"no","Thailand"
217,"no","Togo"
218,"no","Tokelau"
219,"no","Tonga"
220,"no","Trinidad and Tobago"
221,"no","Oman"
222,"no","Tunisia"
223,"no","Turkey"
224,"no","Turks and Caicos Is"
225,"no","United Arab Emirates"
226,"no","Uganda"
227,"no","Tuvalu"
229,"no","United Kingdom"
230,"no","Ukraine"
231,"no","United States of America"
232,"no","US Minor Outlying Is"
233,"no","Burkina Faso"
234,"no","Uruguay"
235,"no","Uzbekistan"
236,"no","Venezuela"
237,"no","Viet Nam"
238,"no","Ethiopia"
239,"no","British Virgin Island"
240,"no","US Virgin Islands"
242,"no","Wake Island"
243,"no","Wallis and Futuna Is"
244,"no","Samoa"
245,"no","West Bank"
249,"no","Yemen"
250,"no","Congo, Dem Republic of"
251,"no","Zambia"
255,"no","Belgium"
256,"no","Luxembourg"
258,"no","Anguilla"
260,"no","Svalbard Is"
264,"no","Isle of Man"
270,"no","Mayotte"
271,"no","SouthGeorgia/Sandwich Is"
303,"no","Western Europe"
307,"no","Intergvt Author Devpment"
310,"no","North Western Africa"
311,"no","Western Africa"
312,"no","Central Africa"
313,"no","Eastern Africa"
314,"no","Southern Africa"
315,"no","Latin Amer & Caribbean"
316,"no","Central America"
317,"no","Caribbean"
318,"no","South America"
319,"no","Near East"
320,"no","Near East in Africa"
321,"no","Near East in Asia"
322,"no","Far East"
323,"no","South Asia"
324,"no","East & South East Asia"
325,"no","Near East and North Africa"
334,"no","Eastern Europe"
335,"no","Europe"
337,"no","Asia"
338,"no","Africa"
348,"no","Latin America"
370,"no","Serbia"
371,"no","Montenegro"
390,"no","South of Sahara"
421,"no","North Africa"
427,"no","Europe, Non-EU Countries"
428,"no","North America"
469,"no","USSR, Former Area of"
1008,"no","Arctic Sea"
1009,"no","Atlantic, Northwest"
1010,"no","Atlantic, Northeast"
1011,"no","Atlantic, Western Central"
1012,"no","Atlantic, Eastern Central"
1013,"no","Mediterran and Black Sea"
1014,"no","Atlantic, Southwest"
1015,"no","Atlantic, Southeast"
1016,"no","Atlantic, Antarctic"
1017,"no","Indian Ocean, Western"
1018,"no","Indian Ocean, Eastern"
1019,"no","Indian Ocean, Antarctic"
1020,"no","Pacific, Northwest"
1021,"no","Pacific, Northeast"
1022,"no","Pacific, Western Central"
1023,"no","Pacific, Eastern Central"
1024,"no","Pacific, Southwest"
1025,"no","Pacific, Southeast"
1026,"no","Pacific, Antarctic"
1220,"no","All fishing areas"
9999,"no","World"
1,"pt","Armenia"
2,"pt","Afghanistan"
3,"pt","Albania"
4,"pt","Algeria"
5,"pt","American Samoa"
6,"pt","Andorra"
7,"pt","Angola"
8,"pt","Antigua and Barbuda"
9,"pt","Argentina"
10,"pt","Australia"
11,"pt","Austria"
12,"pt","Bahamas"
13,"pt","Bahrain"
14,"pt","Barbados"
16,"pt","Bangladesh"
17,"pt","Bermuda"
18,"pt","Bhutan"
19,"pt","Bolivia"
20,"pt","Botswana"
21,"pt","Brazil"
22,"pt","Aruba"
23,"pt","Belize"
24,"pt","British Indian Ocean Ter"
25,"pt","Solomon Islands"
26,"pt","Brunei Darussalam"
27,"pt","Bulgaria"
28,"pt","Myanmar"
29,"pt","Burundi"
30,"pt","Antarctica"
31,"pt","Bouvet Island"
32,"pt","Cameroon"
33,"pt","Canada"
35,"pt","Cape Verde"
36,"pt","Cayman Island"
37,"pt","Central African Republic"
38,"pt","Sri Lanka"
39,"pt","Chad"
40,"pt","Chile"
41,"pt","China, Mainland"
42,"pt","Christmas Island"
43,"pt","Cocos Islands"
44,"pt","Colombia"
45,"pt","Comoros"
46,"pt","Congo, Republic of"
47,"pt","Cook Islands"
48,"pt","Costa Rica"
49,"pt","Cuba"
50,"pt","Cyprus"
52,"pt","Azerbaijan, Republic of"
53,"pt","Benin"
54,"pt","Denmark"
55,"pt","Dominica"
56,"pt","Dominican Republic"
57,"pt","Belarus"
58,"pt","Ecuador"
59,"pt","Egypt"
60,"pt","El Salvador"
61,"pt","Equatorial Guinea"
63,"pt","Estonia"
64,"pt","Faeroe Islands"
65,"pt","Falkland Islands"
66,"pt","Fiji Islands"
67,"pt","Finland"
68,"pt","France"
69,"pt","French Guiana"
70,"pt","French Polynesia"
71,"pt","French South Terr"
72,"pt","Djibouti"
73,"pt","Georgia"
74,"pt","Gabon"
75,"pt","Gambia"
76,"pt","Gaza Strip"
79,"pt","Germany"
80,"pt","Bosnia and Herzegovina"
81,"pt","Ghana"
82,"pt","Gibraltar"
83,"pt","Kiribati"
84,"pt","Greece"
85,"pt","Greenland"
86,"pt","Grenada"
87,"pt","Guadeloupe"
88,"pt","Guam"
89,"pt","Guatemala"
90,"pt","Guinea"
91,"pt","Guyana"
92,"pt","Heard and McDonald Is"
93,"pt","Haiti"
95,"pt","Honduras"
97,"pt","Hungary"
98,"pt","Croatia"
99,"pt","Iceland"
100,"pt","India"
101,"pt","Indonesia"
102,"pt","Iran, Islamic Rep of"
103,"pt","Iraq"
104,"pt","Ireland"
105,"pt","Israel"
106,"pt","Italy"
107,"pt","Ivory Coast"
108,"pt","Kazakhstan"
109,"pt","Jamaica"
110,"pt","Japan"
112,"pt","Jordan"
113,"pt","Kyrgyzstan"
114,"pt","Kenya"
115,"pt","Cambodia"
116,"pt","Korea, Dem People's Rep"
117,"pt","Korea, Republic of"
118,"pt","Kuwait"
119,"pt","Latvia"
120,"pt","Laos"
121,"pt","Lebanon"
122,"pt","Lesotho"
123,"pt","Liberia"
124,"pt","Libyan Arab Jamahiriya"
125,"pt","Liechtensten"
126,"pt","Lithuania"
127,"pt","Marshall Island"
129,"pt","Madagascar"
130,"pt","Malawi"
131,"pt","Malaysia"
132,"pt","Maldives"
133,"pt","Mali"
134,"pt","Malta"
135,"pt","Martinique"
136,"pt","Mauritania"
137,"pt","Mauritius"
138,"pt","Mexico"
139,"pt","Midway Islands"
140,"pt","Monaco"
141,"pt","Mongolia"
142,"pt","Montserrat"
143,"pt","Morocco"
144,"pt","Mozambique"
145,"pt","Micronesia,Fed States of"
146,"pt","Moldova, Republic of"
147,"pt","Namibia"
148,"pt","Nauru"
149,"pt","Nepal"
150,"pt","Netherlands"
151,"pt","Neth Antilles"
153,"pt","NewCaledonia"
154,"pt","Macedonia"
155,"pt","Vanuatu"
156,"pt","New Zealand"
157,"pt","Nicaragua"
158,"pt","Niger"
159,"pt","Nigeria"
160,"pt","Niue"
161,"pt","Norfolk Island"
162,"pt","Norway"
163,"pt","Northern Mariana Is"
165,"pt","Pakistan"
166,"pt","Panama"
167,"pt","Czech Republic"
168,"pt","Papua New Guinea"
169,"pt","Paraguay"
170,"pt","Peru"
171,"pt","Philippines"
172,"pt","Pitcairn Islands"
173,"pt","Poland"
174,"pt","Portugal"
175,"pt","Guinea-Bissau"
176,"pt","East Timor"
177,"pt","Puerto Rico"
178,"pt","Eritrea"
179,"pt","Qatar"
181,"pt","Zimbabwe"
182,"pt","Reunion"
183,"pt","Romania"
184,"pt","Rwanda"
185,"pt","Russian Federation"
187,"pt","Saint Helena"
188,"pt","Saint Kitts and Nevis"
189,"pt","Saint Lucia"
190,"pt","Saint Pierre & Miquelon"
191,"pt","Saint Vincent/Grenadines"
192,"pt","San Marino"
193,"pt","Sao Tome and Principe"
194,"pt","Saudi Arabia"
195,"pt","Senegal"
196,"pt","Seychelles"
197,"pt","Sierra Leone"
198,"pt","Slovenia"
199,"pt","Slovakia"
200,"pt","Singapore"
201,"pt","Somalia"
202,"pt","South Africa"
203,"pt","Spain"
205,"pt","Western Sahara"
206,"pt","Sudan"
207,"pt","Suriname"
208,"pt","Tajikistan"
209,"pt","Swaziland"
210,"pt","Sweden"
211,"pt","Switzerland"
212,"pt","Syrian Arab Republic"
213,"pt","Turkmenistan"
214,"pt","China, Taiwan Prov of"
215,"pt","Tanzania, United Rep of"
216,"pt","Thailand"
217,"pt","Togo"
218,"pt","Tokelau"
219,"pt","Tonga"
220,"pt","Trinidad and Tobago"
221,"pt","Oman"
222,"pt","Tunisia"
223,"pt","Turkey"
224,"pt","Turks and Caicos Is"
225,"pt","United Arab Emirates"
226,"pt","Uganda"
227,"pt","Tuvalu"
229,"pt","United Kingdom"
230,"pt","Ukraine"
231,"pt","United States of America"
232,"pt","US Minor Outlying Is"
233,"pt","Burkina Faso"
234,"pt","Uruguay"
235,"pt","Uzbekistan"
236,"pt","Venezuela"
237,"pt","Viet Nam"
238,"pt","Ethiopia"
239,"pt","British Virgin Island"
240,"pt","US Virgin Islands"
242,"pt","Wake Island"
243,"pt","Wallis and Futuna Is"
244,"pt","Samoa"
245,"pt","West Bank"
249,"pt","Yemen"
250,"pt","Congo, Dem Republic of"
251,"pt","Zambia"
255,"pt","Belgium"
256,"pt","Luxembourg"
258,"pt","Anguilla"
260,"pt","Svalbard Is"
264,"pt","Isle of Man"
270,"pt","Mayotte"
271,"pt","SouthGeorgia/Sandwich Is"
303,"pt","Western Europe"
307,"pt","Intergvt Author Devpment"
310,"pt","North Western Africa"
311,"pt","Western Africa"
312,"pt","Central Africa"
313,"pt","Eastern Africa"
314,"pt","Southern Africa"
315,"pt","Latin Amer & Caribbean"
316,"pt","Central America"
317,"pt","Caribbean"
318,"pt","South America"
319,"pt","Near East"
320,"pt","Near East in Africa"
321,"pt","Near East in Asia"
322,"pt","Far East"
323,"pt","South Asia"
324,"pt","East & South East Asia"
325,"pt","Near East and North Africa"
334,"pt","Eastern Europe"
335,"pt","Europe"
337,"pt","Asia"
338,"pt","Africa"
348,"pt","Latin America"
370,"pt","Serbia"
371,"pt","Montenegro"
390,"pt","South of Sahara"
421,"pt","North Africa"
427,"pt","Europe, Non-EU Countries"
428,"pt","North America"
469,"pt","USSR, Former Area of"
1008,"pt","Arctic Sea"
1009,"pt","Atlantic, Northwest"
1010,"pt","Atlantic, Northeast"
1011,"pt","Atlantic, Western Central"
1012,"pt","Atlantic, Eastern Central"
1013,"pt","Mediterran and Black Sea"
1014,"pt","Atlantic, Southwest"
1015,"pt","Atlantic, Southeast"
1016,"pt","Atlantic, Antarctic"
1017,"pt","Indian Ocean, Western"
1018,"pt","Indian Ocean, Eastern"
1019,"pt","Indian Ocean, Antarctic"
1020,"pt","Pacific, Northwest"
1021,"pt","Pacific, Northeast"
1022,"pt","Pacific, Western Central"
1023,"pt","Pacific, Eastern Central"
1024,"pt","Pacific, Southwest"
1025,"pt","Pacific, Southeast"
1026,"pt","Pacific, Antarctic"
1220,"pt","All fishing areas"
9999,"pt","World"
1,"ru","Armenia"
2,"ru","Afghanistan"
3,"ru","Albania"
4,"ru","Algeria"
5,"ru","American Samoa"
6,"ru","Andorra"
7,"ru","Angola"
8,"ru","Antigua and Barbuda"
9,"ru","Argentina"
10,"ru","Australia"
11,"ru","Austria"
12,"ru","Bahamas"
13,"ru","Bahrain"
14,"ru","Barbados"
16,"ru","Bangladesh"
17,"ru","Bermuda"
18,"ru","Bhutan"
19,"ru","Bolivia"
20,"ru","Botswana"
21,"ru","Brazil"
22,"ru","Aruba"
23,"ru","Belize"
24,"ru","British Indian Ocean Ter"
25,"ru","Solomon Islands"
26,"ru","Brunei Darussalam"
27,"ru","Bulgaria"
28,"ru","Myanmar"
29,"ru","Burundi"
30,"ru","Antarctica"
31,"ru","Bouvet Island"
32,"ru","Cameroon"
33,"ru","Canada"
35,"ru","Cape Verde"
36,"ru","Cayman Island"
37,"ru","Central African Republic"
38,"ru","Sri Lanka"
39,"ru","Chad"
40,"ru","Chile"
41,"ru","China, Mainland"
42,"ru","Christmas Island"
43,"ru","Cocos Islands"
44,"ru","Colombia"
45,"ru","Comoros"
46,"ru","Congo, Republic of"
47,"ru","Cook Islands"
48,"ru","Costa Rica"
49,"ru","Cuba"
50,"ru","Cyprus"
52,"ru","Azerbaijan, Republic of"
53,"ru","Benin"
54,"ru","Denmark"
55,"ru","Dominica"
56,"ru","Dominican Republic"
57,"ru","Belarus"
58,"ru","Ecuador"
59,"ru","Egypt"
60,"ru","El Salvador"
61,"ru","Equatorial Guinea"
63,"ru","Estonia"
64,"ru","Faeroe Islands"
65,"ru","Falkland Islands"
66,"ru","Fiji Islands"
67,"ru","Finland"
68,"ru","France"
69,"ru","French Guiana"
70,"ru","French Polynesia"
71,"ru","French South Terr"
72,"ru","Djibouti"
73,"ru","Georgia"
74,"ru","Gabon"
75,"ru","Gambia"
76,"ru","Gaza Strip"
79,"ru","Germany"
80,"ru","Bosnia and Herzegovina"
81,"ru","Ghana"
82,"ru","Gibraltar"
83,"ru","Kiribati"
84,"ru","Greece"
85,"ru","Greenland"
86,"ru","Grenada"
87,"ru","Guadeloupe"
88,"ru","Guam"
89,"ru","Guatemala"
90,"ru","Guinea"
91,"ru","Guyana"
92,"ru","Heard and McDonald Is"
93,"ru","Haiti"
95,"ru","Honduras"
97,"ru","Hungary"
98,"ru","Croatia"
99,"ru","Iceland"
100,"ru","India"
101,"ru","Indonesia"
102,"ru","Iran, Islamic Rep of"
103,"ru","Iraq"
104,"ru","Ireland"
105,"ru","Israel"
106,"ru","Italy"
107,"ru","Ivory Coast"
108,"ru","Kazakhstan"
109,"ru","Jamaica"
110,"ru","Japan"
112,"ru","Jordan"
113,"ru","Kyrgyzstan"
114,"ru","Kenya"
115,"ru","Cambodia"
116,"ru","Korea, Dem People's Rep"
117,"ru","Korea, Republic of"
118,"ru","Kuwait"
119,"ru","Latvia"
120,"ru","Laos"
121,"ru","Lebanon"
122,"ru","Lesotho"
123,"ru","Liberia"
124,"ru","Libyan Arab Jamahiriya"
125,"ru","Liechtensten"
126,"ru","Lithuania"
127,"ru","Marshall Island"
129,"ru","Madagascar"
130,"ru","Malawi"
131,"ru","Malaysia"
132,"ru","Maldives"
133,"ru","Mali"
134,"ru","Malta"
135,"ru","Martinique"
136,"ru","Mauritania"
137,"ru","Mauritius"
138,"ru","Mexico"
139,"ru","Midway Islands"
140,"ru","Monaco"
141,"ru","Mongolia"
142,"ru","Montserrat"
143,"ru","Morocco"
144,"ru","Mozambique"
145,"ru","Micronesia,Fed States of"
146,"ru","Moldova, Republic of"
147,"ru","Namibia"
148,"ru","Nauru"
149,"ru","Nepal"
150,"ru","Netherlands"
151,"ru","Neth Antilles"
153,"ru","NewCaledonia"
154,"ru","Macedonia"
155,"ru","Vanuatu"
156,"ru","New Zealand"
157,"ru","Nicaragua"
158,"ru","Niger"
159,"ru","Nigeria"
160,"ru","Niue"
161,"ru","Norfolk Island"
162,"ru","Norway"
163,"ru","Northern Mariana Is"
165,"ru","Pakistan"
166,"ru","Panama"
167,"ru","Czech Republic"
168,"ru","Papua New Guinea"
169,"ru","Paraguay"
170,"ru","Peru"
171,"ru","Philippines"
172,"ru","Pitcairn Islands"
173,"ru","Poland"
174,"ru","Portugal"
175,"ru","Guinea-Bissau"
176,"ru","East Timor"
177,"ru","Puerto Rico"
178,"ru","Eritrea"
179,"ru","Qatar"
181,"ru","Zimbabwe"
182,"ru","Reunion"
183,"ru","Romania"
184,"ru","Rwanda"
185,"ru","Russian Federation"
187,"ru","Saint Helena"
188,"ru","Saint Kitts and Nevis"
189,"ru","Saint Lucia"
190,"ru","Saint Pierre & Miquelon"
191,"ru","Saint Vincent/Grenadines"
192,"ru","San Marino"
193,"ru","Sao Tome and Principe"
194,"ru","Saudi Arabia"
195,"ru","Senegal"
196,"ru","Seychelles"
197,"ru","Sierra Leone"
198,"ru","Slovenia"
199,"ru","Slovakia"
200,"ru","Singapore"
201,"ru","Somalia"
202,"ru","South Africa"
203,"ru","Spain"
205,"ru","Western Sahara"
206,"ru","Sudan"
207,"ru","Suriname"
208,"ru","Tajikistan"
209,"ru","Swaziland"
210,"ru","Sweden"
211,"ru","Switzerland"
212,"ru","Syrian Arab Republic"
213,"ru","Turkmenistan"
214,"ru","China, Taiwan Prov of"
215,"ru","Tanzania, United Rep of"
216,"ru","Thailand"
217,"ru","Togo"
218,"ru","Tokelau"
219,"ru","Tonga"
220,"ru","Trinidad and Tobago"
221,"ru","Oman"
222,"ru","Tunisia"
223,"ru","Turkey"
224,"ru","Turks and Caicos Is"
225,"ru","United Arab Emirates"
226,"ru","Uganda"
227,"ru","Tuvalu"
229,"ru","United Kingdom"
230,"ru","Ukraine"
231,"ru","United States of America"
232,"ru","US Minor Outlying Is"
233,"ru","Burkina Faso"
234,"ru","Uruguay"
235,"ru","Uzbekistan"
236,"ru","Venezuela"
237,"ru","Viet Nam"
238,"ru","Ethiopia"
239,"ru","British Virgin Island"
240,"ru","US Virgin Islands"
242,"ru","Wake Island"
243,"ru","Wallis and Futuna Is"
244,"ru","Samoa"
245,"ru","West Bank"
249,"ru","Yemen"
250,"ru","Congo, Dem Republic of"
251,"ru","Zambia"
255,"ru","Belgium"
256,"ru","Luxembourg"
258,"ru","Anguilla"
260,"ru","Svalbard Is"
264,"ru","Isle of Man"
270,"ru","Mayotte"
271,"ru","SouthGeorgia/Sandwich Is"
303,"ru","Western Europe"
307,"ru","Intergvt Author Devpment"
310,"ru","North Western Africa"
311,"ru","Western Africa"
312,"ru","Central Africa"
313,"ru","Eastern Africa"
314,"ru","Southern Africa"
315,"ru","Latin Amer & Caribbean"
316,"ru","Central America"
317,"ru","Caribbean"
318,"ru","South America"
319,"ru","Near East"
320,"ru","Near East in Africa"
321,"ru","Near East in Asia"
322,"ru","Far East"
323,"ru","South Asia"
324,"ru","East & South East Asia"
325,"ru","Near East and North Africa"
334,"ru","Eastern Europe"
335,"ru","Europe"
337,"ru","Asia"
338,"ru","Africa"
348,"ru","Latin America"
390,"ru","South of Sahara"
421,"ru","North Africa"
427,"ru","Europe, Non-EU Countries"
428,"ru","North America"
469,"ru","USSR, Former Area of"
1008,"ru","Arctic Sea"
1009,"ru","Atlantic, Northwest"
1010,"ru","Atlantic, Northeast"
1011,"ru","Atlantic, Western Central"
1012,"ru","Atlantic, Eastern Central"
1013,"ru","Mediterran and Black Sea"
1014,"ru","Atlantic, Southwest"
1015,"ru","Atlantic, Southeast"
1016,"ru","Atlantic, Antarctic"
1017,"ru","Indian Ocean, Western"
1018,"ru","Indian Ocean, Eastern"
1019,"ru","Indian Ocean, Antarctic"
1020,"ru","Pacific, Northwest"
1021,"ru","Pacific, Northeast"
1022,"ru","Pacific, Western Central"
1023,"ru","Pacific, Eastern Central"
1024,"ru","Pacific, Southwest"
1025,"ru","Pacific, Southeast"
1026,"ru","Pacific, Antarctic"
1220,"ru","All fishing areas"
9999,"ru","World"
